cluster_id,observed_mention,candidate_id,mention_count,first_document_date,decision,accepted_canonical_id,accepted_proposal_rank,accepted_authority_variant,proposal_1_canonical_id,proposal_1_canonical_name,proposal_1_matched_variant,proposal_1_score,proposal_1_rationale,proposal_2_canonical_id,proposal_2_canonical_name,proposal_2_matched_variant,proposal_2_score,proposal_2_rationale,proposal_3_canonical_id,proposal_3_canonical_name,proposal_3_matched_variant,proposal_3_score,proposal_3_rationale,reviewer,evidence_note,source_context
VC00001,Edwin Sandys,PC00003,39,"February 28, 1610",needs_review,,,,person_edwin_sandys,Sir Edwin Sandys,Sir Edwin Sandys,1.000,surname plus given-name comparison,person_george_sandys,George Sandys,George Sandys,0.792,surname plus given-name comparison,,,,,,,,"February 28, 1610: plantation until the issue of the “Great Charter of privileges, orders, and Lawes” in November, 1618. Otherwise, the whole course of the activity of the company under Sir Thomas Smythe was in strong contrast with the work of Sir Edwin Sandys. It was a care on the part of the company is also seen in the general instructions of 1609 to the lieutenant-governor of Virginia, which are known only through a copy of the sixth article, preserved in the papers of the Marquis o || December 13, 1611: monopoly of the importation of the only lucrative staple, tobacco. Again, in 1619, when the time for free importation from the plantation had expired, they most eagerly sought an adjustment with the Crown, although, in 1614, Sir Edwin Sandys, by this time the leading spirit in the company, had been the chairman in the House committee which reported against monopolies. To such an extent had the colony now grown that the instructions given to Sir George Yeardley in Nov"
VC00002,Smith,PC00007,24,"February 18, 1609",needs_review,,,,person_thomas_smythe,Sir Thomas Smythe,Sir Thomas Smythe,1.000,surname-only comparison,person_john_smith,Captain John Smith,Captain John Smith,1.000,surname-only comparison,person_john_smith_of_nibley,John Smith of Nibley,John Smith,1.000,surname-only comparison,,,"February 18, 1609: this period, leaves, as the only source of information, both for affairs in England and in Virginia, the narratives of the early settlers. Of these the most important are the reports of Captain Newport, and the relations of John Smith, of Edward Maria Wingfield, and of George Percy.* The council had dispatched three expeditions, all under Captain Newport; one in December, 1606, in three ships with 120 emigrants; another in October, 1607, with two vessels and a || December 13, 1611: ll labor was to be regulated as if it were a military discipline and the produce was to belong to the common store. Thus the evils of the early settlement were to be avoided. But of necessity this plan was temporary. Argall, like Smith, was a good colonizer. The explorations of Smith and his trade with the Indians, together with the order and prosperity which were brought by Dale, resulted in the founding of various settlements, such as Henrico and others farth"
VC00003,Martin,PC00012,20,"August 9, 1611",needs_review,,,,person_john_martin,Captain John Martin,John Martin,1.000,surname-only comparison,,,,,,,,,,,,,"August 9, 1611: e been unnoticed. From it comes a knowledge of correspondence between the governor and Bermuda Hundred and Kicoughtan, and between the governor and the company in London. A complaint of the largeness of privilege given to Captain Martin in his grant is significant because of the long contest during later years, between the company and Captain Martin over this patent. There are, too, a number of commissions to officers for trade and for command, and several warra || August 17, 1611: e been unnoticed. From it comes a knowledge of correspondence between the governor and Bermuda Hundred and Kicoughtan, and between the governor and the company in London. A complaint of the largeness of privilege given to Captain Martin in his grant is significant because of the long contest during later years, between the company and Captain Martin over this patent. There are, too, a number of commissions to officers for trade and for command, and several warra"
VC00004,Argall,PC00015,18,"April 20, 1619",needs_review,,,,person_samuel_argall,Sir Samuel Argall,Samuel Argall,1.000,surname-only comparison,,,,,,,,,,,,,"April 20, 1619: structions to Gates were issued and the laws of Dale were approved, is apparent. Whether it was due entirely to the necessities arising from the changed conditions in the colony heretofore noted or to the abuse of power by Samuel Argall, from 1616 to 1619, is uncertain. Whether it was but a reflection of the growing popular sentiment within the company by which the generality exercised the powers of administration or whether it was due to the influence of the “o || August 22, 1618: structions to Gates were issued and the laws of Dale were approved, is apparent. Whether it was due entirely to the necessities arising from the changed conditions in the colony heretofore noted or to the abuse of power by Samuel Argall, from 1616 to 1619, is uncertain. Whether it was but a reflection of the growing popular sentiment within the company by which the generality exercised the powers of administration or whether it was due to the influence of the “o"
VC00005,Thomas Smythe,PC00021,16,"April 28, 1619",needs_review,,,,person_thomas_smythe,Sir Thomas Smythe,Sir Thomas Smythe,1.000,surname plus given-name comparison,person_john_smith,Captain John Smith,Captain John Smith,0.792,surname plus given-name comparison,person_john_smith_of_nibley,John Smith of Nibley,John Smith,0.792,surname plus given-name comparison,,,"April 28, 1619: UNDER SIR THOMAS SMYTHE 25 pelled against its will to submit to the treatment of its plantation as a penal colony by James I in his spasmodic efforts to develop a policy which should save England from an overpopulation of vagabonds.* With the exception || January 2, 1606: UNDER SIR THOMAS SMYTHE 25 pelled against its will to submit to the treatment of its plantation as a penal colony by James I in his spasmodic efforts to develop a policy which should save England from an overpopulation of vagabonds.* With the exception"
VC00006,Edwyn Sandys,PC00023,15,"JANUARY 29, 1620",needs_review,,,,person_edwin_sandys,Sir Edwin Sandys,Sir Edwin Sandys,1.000,surname plus given-name comparison,person_george_sandys,George Sandys,George Sandys,0.792,surname plus given-name comparison,,,,,,,,"JANUARY 29, 1620: ther Commodities as the Governor and Counsell of Virginia shall have also excepted. 3. Thirdly that the Clause touching examination upon oath be cleane left out. 4. Fourthly that there be an exception of all Mynes & Minerals. Sir Edwyn Sandys signified that my Lord of Southampton being one of the greatest and most ancient Adventurers of this Company having now a desire with the help and Assistance of some of his friends to undertake and advance a particular Plantation || SANUARY 29, 1620: dgett. Sir Thomas ffinch. Sir Nicholas Tufton. Sir Walter Earle. Sir Iohn Dauers. Sir William Twisden. Sir Francis Wyate. Sir Robert Phillip. Sir Samuell Sandys. Sir Francis Wyneman. Mr. Henry Mannering. Sir Edwyn Sandys. Mr. John Wroth. Sir Edward Lawly. Sir Phillip Carey. Mr. Gibbé. Doctor Gulston. Mr. Kightly. Mr. Chamberlaine. Mr. Deputy Ferrar. Mr. Iermyne. Mr. Mellinge. Mr. Bromfeild. Mr. Steward. Mr. Seaward."
VC00007,George Sandys,PC00026,14,"JANUARY 29, 1620",needs_review,,,,person_george_sandys,George Sandys,George Sandys,1.000,surname plus given-name comparison,person_edwin_sandys,Sir Edwin Sandys,Sir Edwin Sandys,0.792,surname plus given-name comparison,,,,,,,,"JANUARY 29, 1620: , Lord Pagett, Sir Francis Wyate, Sir Edward Sackville, Sir Walter Karle, Mr. Deputy Ferrar, Mr. Zouch, Mr. Bearblock, Mr. Gibbe, Mr. Tucker, Mr. Casewell, Mr. Wroth, Mr. Tomlin, Mr. Mellinge, Mr. Earle, Mr. Smyth, Mr. Cuffe, Mr. George Sandys, Mr. Nicholas Ferrar, Mr. Combe, Mr. Doctor Anthony, Mr. Ditchfield, Mr. Baynham, Mr. Sheppard, Mr. Seaward, Mr. Wyddowes, Mr. Bromefield, Mr. Wheately, Mr. Sparrowe, Mr. Newport, Mr. Kightley, with divers others. My Lord of Sou || FEBRUARY 22, 1620: RT HELD FOR VIRGINIA 22: FEBRUARY 1620: PRESENT: S' Edwin Sandys, M' Smith, M' Whitly, S' Iohn Dauers, Captain Bargraue, M' Palmer, S' Francis Wyate, M' Termin, M' Widdowes, M' Deputy, M' Doctor Anthony, M' Baynam, M' Wroth, M' George Sandys, M' Edwarde, M' Wrote, M' Hicks, M' Melling, M' Gibbe, M' Nicholas Ferrar, M' Roberte, M' Sheppard, M' Cranmer, M' Viner, M' Casewell, M' Beareblock, M' Smith, M' Chamberlen, with divers others. S' Edwin Sandys signified vnto t"
VC00008,Thomas Dale,PC00030,14,"December 13, 1611",needs_review,,,,person_thomas_dale,Sir Thomas Dale,Thomas Dale,1.000,surname plus given-name comparison,,,,,,,,,,,,,"December 13, 1611: awes Divine, Morall and Martiall, &c., entered for publication on December 13, 1611, is a code first established by Sir Thomas Gates, May 24, 1610, approved by the lord governor, June 12, 1610, and exemplified and enlarged by Sir Thomas Dale, June 22, 1611. They are reprinted in Force, Tracts, Vol. III. || May 24, 1610: awes Divine, Morall and Martiall, &c., entered for publication on December 13, 1611, is a code first established by Sir Thomas Gates, May 24, 1610, approved by the lord governor, June 12, 1610, and exemplified and enlarged by Sir Thomas Dale, June 22, 1611. They are reprinted in Force, Tracts, Vol. III."
VC00009,Samuel Argall,PC00037,13,"April 20, 1619",needs_review,,,,person_samuel_argall,Sir Samuel Argall,Samuel Argall,1.000,surname plus given-name comparison,,,,,,,,,,,,,"April 20, 1619: the instructions to Gates were issued and the laws of Dale were approved, is apparent. Whether it was due entirely to the necessities arising from the changed conditions in the colony heretofore noted or to the abuse of power by Samuel Argall, from 1616 to 1619, is uncertain. Whether it was but a reflection of the growing popular sentiment within the company by which the generality exercised the powers of administration or whether it was due to the influence of the “o || August 22, 1618: the instructions to Gates were issued and the laws of Dale were approved, is apparent. Whether it was due entirely to the necessities arising from the changed conditions in the colony heretofore noted or to the abuse of power by Samuel Argall, from 1616 to 1619, is uncertain. Whether it was but a reflection of the growing popular sentiment within the company by which the generality exercised the powers of administration or whether it was due to the influence of the “o"
VC00010,John Smith,PC00058,9,"February 18, 1609",needs_review,,,,person_john_smith,Captain John Smith,Captain John Smith,1.000,surname plus given-name comparison,person_john_smith_of_nibley,John Smith of Nibley,John Smith,1.000,surname plus given-name comparison,person_thomas_smythe,Sir Thomas Smythe,Sir Thomas Smythe,0.792,surname plus given-name comparison,,,"February 18, 1609: ering this period, leaves, as the only source of information, both for affairs in England and in Virginia, the narratives of the early settlers. Of these the most important are the reports of Captain Newport, and the relations of John Smith, of Edward Maria Wingfield, and of George Percy.* The council had dispatched three expeditions, all under Captain Newport; one in December, 1606, in three ships with 120 emigrants; another in October, 1607, with two vessels and a || May 8, 1619: needs, as reported from time to time by returning ships, afforded the adventurers a body of information concerning the social condition of the colony which in form and accuracy left little to be desired. After the time of Captain John Smith not much was accurately known of the colony until the year 1617, when Captain John Rolfe and Ralph Hamor supplied statistics as to the numbers, condition, settlements, and resources of the colony as it then was. The individual en"
VC00011,Nicholas Ferrar,PC00059,9,"JANUARY 29, 1620",needs_review,,,,person_nicholas_ferrar,Nicholas Ferrar,Nicholas Ferrar,1.000,surname plus given-name comparison,person_john_ferrar,John Ferrar,John Ferrar,0.781,surname plus given-name comparison,,,,,,,,"JANUARY 29, 1620: Francis Wyate, Sir Edward Sackville, Sir Walter Karle, Mr. Deputy Ferrar, Mr. Zouch, Mr. Bearblock, Mr. Gibbe, Mr. Tucker, Mr. Casewell, Mr. Wroth, Mr. Tomlin, Mr. Mellinge, Mr. Earle, Mr. Smyth, Mr. Cuffe, Mr. George Sandys, Mr. Nicholas Ferrar, Mr. Combe, Mr. Doctor Anthony, Mr. Ditchfield, Mr. Baynham, Mr. Sheppard, Mr. Seaward, Mr. Wyddowes, Mr. Bromefield, Mr. Wheately, Mr. Sparrowe, Mr. Newport, Mr. Kightley, with divers others. My Lord of Southampton signified vn || FEBRUARY 22, 1620: mith, M' Whitly, S' Iohn Dauers, Captain Bargraue, M' Palmer, S' Francis Wyate, M' Termin, M' Widdowes, M' Deputy, M' Doctor Anthony, M' Baynam, M' Wroth, M' George Sandys, M' Edwarde, M' Wrote, M' Hicks, M' Melling, M' Gibbe, M' Nicholas Ferrar, M' Roberte, M' Sheppard, M' Cranmer, M' Viner, M' Casewell, M' Beareblock, M' Smith, M' Chamberlen, with divers others. S' Edwin Sandys signified vnto the Company that my Lord of Southampton, by reason of this busy time of Par"
VC00012,Stith,PC00060,9,"October 4, 1825",needs_review,,,,person_thomas_smythe,Sir Thomas Smythe,Thomas Smith,0.800,surname-only comparison,person_john_smith,Captain John Smith,Captain John Smith,0.800,surname-only comparison,person_john_smith_of_nibley,John Smith of Nibley,John Smith,0.800,surname-only comparison,,,"October 4, 1825: nia Historical Society and commonly known as the [John] Randolph [of Roanoke] copy, has been a subject of doubt and discussion, arising from the conflicting descriptions of the volumes by the early historians of Virginia, William Stith and John D. Burk, and by the editor of many of the documents in 1809, William Hening. The following statements with regard to the first group made by Mr. Jefferson in a letter to Hugh P. Taylor, October 4, 1825, will serve as a b || October 19, 1825: nia Historical Society and commonly known as the [John] Randolph [of Roanoke] copy, has been a subject of doubt and discussion, arising from the conflicting descriptions of the volumes by the early historians of Virginia, William Stith and John D. Burk, and by the editor of many of the documents in 1809, William Hening. The following statements with regard to the first group made by Mr. Jefferson in a letter to Hugh P. Taylor, October 4, 1825, will serve as a b"
VC00013,Thomas Gates,PC00061,9,"November 20, 1606",needs_review,,,,person_thomas_gates,Sir Thomas Gates,Thomas Gates,1.000,surname plus given-name comparison,,,,,,,,,,,,,"November 20, 1606: reasons which had long before been set forth whereby to gain the support of the Crown. CHARTER OF 1606. The royal aid as finally obtained for a colonial enterprise came in a somewhat different form. The letters patent to Sir Thomas Gates and others for plantations to be made in Virginia show that the investment was made solely by individuals, and that the joint stock was not public, although in the regulation of affairs in the colony the body of undertakers was t || February 18, 1609: wport thought was a mine, but no mention of results is made. The full description of the country by Newport and also by Captain John Smith gave the council a clear idea of its geography, as is indicated by the instructions to Sir Thomas Gates in 1609. But the expedition, which penetrated to a distance of 160 miles up the river, brought the explorers to hostile tribes and left the council still uncertain, though hopeful of the discovery of a passage to the south sea. F"
VC00014,Tucker,PC00071,8,"JANUARY 29, 1620",needs_review,,,,person_william_tucker,Captain William Tucker,William Tucker,1.000,surname-only comparison,,,,,,,,,,,,,"JANUARY 29, 1620: ENT the right honourable: Earl of Southampton, Sir Edwin Sandys, Lord Cavendish, Sir John Dauers, Lord Pagett, Sir Francis Wyate, Sir Edward Sackville, Sir Walter Karle, Mr. Deputy Ferrar, Mr. Zouch, Mr. Bearblock, Mr. Gibbe, Mr. Tucker, Mr. Casewell, Mr. Wroth, Mr. Tomlin, Mr. Mellinge, Mr. Earle, Mr. Smyth, Mr. Cuffe, Mr. George Sandys, Mr. Nicholas Ferrar, Mr. Combe, Mr. Doctor Anthony, Mr. Ditchfield, Mr. Baynham, Mr. Sheppard, Mr. Seaward, Mr. Wyddowes, Mr. || APRIL 30, 1621: APRIL 30, 1621 Capt. Nowce. Mr. Wheatly. Mr. Rugles. Mr. Geo: Sandys. Mr. Boothby. Mr. Widdowes. Doctor Anthony. Mr. Barbor. Mr. Baynain. Mr. Smith. Mr. Couell. Mr. Kwens. Mr. Shepperd. Mr. Combs. Mr. Steward. Mr. Bull. Captain Tucker. Mr. Casewell. Whereas it hath been taken into consideration how importantly necessary it is to establish two such officers in Virginia as Marshall and Treasurer, whereby the one might take into his care and charge as well the"
VC00015,George Yeardley,PC00077,7,"February 28, 1610",needs_review,,,,person_george_yeardley,Sir George Yeardley,George Yeardley,1.000,surname plus given-name comparison,,,,,,,,,,,,,"February 28, 1610: in the papers of the Marquis of Lansdowne. The commission bears the date February 28, 1610. It is printed in full in Brown, Genesis, I, 376-384. Printed in full in Brown, Genesis, I, 384-386. This set of instructions to Governor George Yeardley, although given late in 1618, belongs both in spirit and effect to the period of the Sandys-Southampton administration. || December 13, 1611: 1614, Sir Edwin Sandys, by this time the leading spirit in the company, had been the chairman in the House committee which reported against monopolies. To such an extent had the colony now grown that the instructions given to Sir George Yeardley in November, 1618, called ""The Great Charter of privileges, orders, and Lawes,"" recognized the necessity for local government. They provided for two houses, the ""Council of State,"" to be chosen by the company in its quarter court"
VC00016,Francis Wyate,PC00088,6,"JANUARY 29, 1620",needs_review,,,,person_francis_wyatt,Sir Francis Wyatt,Francis Wyatt,0.850,surname plus given-name comparison,,,,,,,,,,,,,"JANUARY 29, 1620: JANUARY 29, 1620 A PREPARATIVE COURT HELD THE 29 IANUARY: PRESENT the right honourable: Earl of Southampton, Sir Edwin Sandys, Lord Cavendish, Sir John Dauers, Lord Pagett, Sir Francis Wyate, Sir Edward Sackville, Sir Walter Karle, Mr. Deputy Ferrar, Mr. Zouch, Mr. Bearblock, Mr. Gibbe, Mr. Tucker, Mr. Casewell, Mr. Wroth, Mr. Tomlin, Mr. Mellinge, Mr. Earle, Mr. Smyth, Mr. Cuffe, Mr. George Sandys, Mr. Nicholas Ferr || SANUARY 29, 1620: 1620: PRESENT The right honorable Earle of Southampton. Earle of Dorsett. Earle of Deuonshire. Lord Padgett. Sir Thomas ffinch. Sir Nicholas Tufton. Sir Walter Earle. Sir Iohn Dauers. Sir William Twisden. Sir Francis Wyate. Sir Robert Phillip. Sir Samuell Sandys. Sir Francis Wyneman. Mr. Henry Mannering. Sir Edwyn Sandys. Mr. John Wroth. Sir Edward Lawly. Sir Phillip Carey. Mr. Gibbé. Doctor Gulston. Mr. Kightly. Mr. Chamber"
VC00017,John Rolfe,PC00090,6,"May 8, 1619",needs_review,,,,person_john_rolfe,John Rolfe,John Rolfe,1.000,surname plus given-name comparison,,,,,,,,,,,,,"May 8, 1619: of information concerning the social condition of the colony which in form and accuracy left little to be desired. After the time of Captain John Smith not much was accurately known of the colony until the year 1617, when Captain John Rolfe and Ralph Hamor supplied statistics as to the numbers, condition, settlements, and resources of the colony as it then was. The individual enterprises of this decade in the life of the company are altogether unknown, except from a || August 9, 1611: RS OF ADVENTURERS While the company probably did not officially use the private correspondence received from the colony by individual adventurers, it doubtless profited by the information which it contained. Thus, the relation of John Rolfe, addressed to Lord Rich and the King in 1616, ranked in value with the descriptions of Ralph Hamor, for it discussed the water supply of the colony, its food, clothing, houses, and government and gave statistical information as t"
VC00018,Nicholas Farrar,PC00095,6,"NOVEMBER 21, 1621",needs_review,,,,person_nicholas_ferrar,Nicholas Ferrar,Nich: ffarrar,1.000,surname plus given-name comparison,,,,,,,,,,,,,"NOVEMBER 21, 1621: he King’s Letters Patente, insomuch as the Court thought fit for their better information to refer it to a select Committee to be reviewed; and thereupon did nominate Mr. Herbert, Mr. Iermyn, Mr. Brooks, Mr. Wrote, Mr. Earle, Mr. Nicholas Farrar, Mr. Gibbs, authorising them or any fower of them to meet about the same at Mr. Farrars house when Mr. Deputy shall appoint, and to call Capt. Martin before them and to require a sight of the said Patent and whatsoever other writ || DECEMBER 4, 1621: he Plantation and Honourable endeavour to aduance the same, hath therefore made choice of a select Committee to take it into their consideration, viz. Sir Iohn Dauers, Mr. Wheatly, Mr. Gibbs, Mr. Ayres, Mr. Wrote, Mr. Rogers, Mr. Nicholas Farrar, Mr. Roger Smith, Mr. Abraham Chamblen, Mr. Baynham, Mr. Mellinge, or any 5 of them who for the better expedition of the business in regard of Mr. Leeke's sodaine going into the Country are desired to meet this next Friday being"
VC00019,Samuell Argall,PC00101,6,"August 9, 1611",needs_review,,,,person_samuel_argall,Sir Samuel Argall,Samuel Argall,0.964,surname plus given-name comparison,,,,,,,,,,,,,"August 9, 1611: the List of Records post, p. 125, Nos. 39, 40. For full citation of these abstracts of about twenty documents, see Ibid., Nos. 40, 42-48, 50-52, 55-57, 64, 65, 67, 74, 75. Reprinted in the Virginia Historical Register, I. (1) Sir Samuell Argall to Nicholas Hawes, June, 1613; (2) Whittaker to Crashaw, August 9, 1611; (3) Perey to Northumberland, August 17, 1611; (4) Dale to Winwood, June 3, 1616; (5) Dale to D. M., June 18, 1614; (6) Whittaker to Master G., June 18, 1614 || August 17, 1611: the List of Records post, p. 125, Nos. 39, 40. For full citation of these abstracts of about twenty documents, see Ibid., Nos. 40, 42-48, 50-52, 55-57, 64, 65, 67, 74, 75. Reprinted in the Virginia Historical Register, I. (1) Sir Samuell Argall to Nicholas Hawes, June, 1613; (2) Whittaker to Crashaw, August 9, 1611; (3) Perey to Northumberland, August 17, 1611; (4) Dale to Winwood, June 3, 1616; (5) Dale to D. M., June 18, 1614; (6) Whittaker to Master G., June 18, 1614"
VC00020,Ferrar,PC00113,5,"JULY 2, 1621",needs_review,,,,person_nicholas_ferrar,Nicholas Ferrar,Nicholas Ferrar,1.000,surname-only comparison,person_john_ferrar,John Ferrar,John Ferrar,1.000,surname-only comparison,,,,,,,,"JULY 2, 1621: ide and certified as would appeare) to the end they might be accorded without longer delay or farther sute. Whereupon the Courte thought fit that some five of the Counsell should be entreated to meet on Fryday morning next at Mr. Ferrar's house to heare and determine the same if they can or otherwise to make reporte how the cause stands between them, and in whome the default is that an agreement cannot be made. [248] Mr. Thomas Iadwin moved that whereas Thomas W || November 12, 1624: U. S. The only document relating to Virginia which is not reproduced in that collection is a repetition of the proclamation of the King of England concerning tobacco, bearing the date November 12, 1624. COLLECTIONS IN ENGLAND FERRAR PAPERS The most unique collection in England for the study of the Virginia Company is that in the possession of Magdalen College, Cambridge. As the property of Nicholas and John Ferrar, who were second only to Sir Edwin Sandys"
VC00021,George Smith,PC00115,5,"JULY 10, 1621",needs_review,,,,person_thomas_smythe,Sir Thomas Smythe,Sir Thomas Smythe,0.792,surname plus given-name comparison,person_john_smith,Captain John Smith,Captain John Smith,0.792,surname plus given-name comparison,person_john_smith_of_nibley,John Smith of Nibley,John Smith,0.792,surname plus given-name comparison,,,"JULY 10, 1621: s. Mr. Smith. Mr. Nicholas Ferrar. Mr. Risley. Mr. Holloway. Mr. Casewell. Mr. Lawrence. Mr. Cartwright. Mr. Barnarde. Mr. Couell. Mr. Abdy. Mr. Wiseman. Mr. Leuor. Mr. Tucker. Mr. Ayres. Mr. Newport. Mr. Palmer. Mr. Edwards. Mr. George Smith. Mr. Whitley. Mr. Ruggell. Mr. Feligate. Mr. Darnelly. Mr. Essington. Mr. Morrice. Captain Hamor. Mr. Chamberlyn. Mr. Meuerell. Mr. Bull. Mr. Bagwell. Mr. Woodall. Mr. Hackett. Mr. Cuffe. Mr. Ewre. Mr. Wells. Mr. Colethurst. Mr. || JULY 16, 1621: nefit of the Patent he took of this Company, that therefore his said patent might be called in unless it might appear he would begin to Plant within the limits of the Southern Colony. Hereupon the Court appointed Mr. Roberte, Mr. George Smith, and Mr. Webb to treat with Mr. Peirce about it and certifie at the next Court what answer they should receive from him. For so much as the Physicians place to the Company was now become void by reason of the untimely death of Do"
VC00022,Iohn Smith,PC00118,5,"MAY 2, 1621",needs_review,,,,person_john_smith,Captain John Smith,Captain John Smith,0.938,surname plus given-name comparison,person_john_smith_of_nibley,John Smith of Nibley,John Smith,0.938,surname plus given-name comparison,person_thomas_smythe,Sir Thomas Smythe,Sir Thomas Smythe,0.792,surname plus given-name comparison,,,"MAY 2, 1621: . Francis Wyate, Mr. Deputy Ferrar, Mr. George Sandys, Captain Tucker, Mr. Toby Palavicine, Captain Wm. Newce, Mr. Robert Smith, Mr. Thomas Gibbs, Captain Bargraue, Mr. Challon, Mr. John Zouch, Mr. Wm. Oxenbridge, Mr. Porter, Mr. Iohn Smith, Mr. Kempe, Mr. Moone, Doctor Winstone, Mr. Henry Rainsford, Mr. Jefferson, Doctor Anthony, Mr. Edw: Gibbs, Mr. Sheppard, Mr. Nicholas Ferrar. The rest of this page 212 is, in the original, without writing. || JUNE 11, 1621: gather his people together to be ready at the day pre-fixed, to drawe the Articles of agreement according hereunto with such necessary additions as he should thinke fitt, and after to apply the Companies Seale unto the same. Mr. Iohn Smith acquainted the Company that there was a Gentleman, Mr. Smiths motion, of good Account and sufficiency whom he could name who would undertake to procure and transport to Virginia at an easie rate (if so the Company please) a good"
VC00023,Captaine Martin,PC00153,4,"JULY 24, 1621",needs_review,,,,person_john_martin,Captain John Martin,John Martin,0.781,surname plus given-name comparison,,,,,,,,,,,,,"JULY 24, 1621: JULY 24, 1621 A Court HELD 24 Iulii 1621 Sr. Iohn Dauers. Mr. Nicholas Ferrar. Mr. Widdowes. Mr. Deputie. Mr. Shepparde. Mr. Baynam. Mr. Wroth. Captaine Bargraue. Mr. Couell. Mr. Gibbs. Captaine Martin. Mr. Edwarde. Mr. Wrote. Mr. Barbor. Mr. Harte. Mr. George Sandys. Mr. Blande. Mr. Moorewood. Doctor Gulstone. Mr. Bull. Mr. Taylor. Doctor Winstone. Mr. Swinhoe. Mr. George Smith. Doctor Anthony. Mr || NOVEMBER 21, 1621: NOVEMBER 21, 1621 Captaine Martin having petitioned to the Court for redresse of certaine grievances whereof he complained was admonished that if he would willingly surrender his Patent which had so often been questioned and complained of both here and by the Cou"
VC00024,Farrars,PC00160,4,"NOVEMBER 21, 1621",needs_review,,,,person_nicholas_ferrar,Nicholas Ferrar,Nich: ffarrar,0.857,surname-only comparison,,,,,,,,,,,,,"NOVEMBER 21, 1621: er it to a select Committee to be reviewed; and thereupon did nominate Mr. Herbert, Mr. Iermyn, Mr. Brooks, Mr. Wrote, Mr. Earle, Mr. Nicholas Farrar, Mr. Gibbs, authorising them or any fower of them to meet about the same at Mr. Farrars house when Mr. Deputy shall appoint, and to call Capt. Martin before them and to require a sight of the said Patent and whatsoever other writing that may concerne the same, which they are entreated diligently to peruse and examin || NOVEMBER 21, 1621: e should be further cause giuen to moue them to take some course for remedy hereof; whereupon these hereunder named were nominated and desired to meet vpon the next Saturday following at two of the Clocke in the afternoone at Mr. Farrars house, vizt: Lo: Cauendish. Lo: Padgett. Sr. Edw: Sackuill. Sr. Fran: Egiocke. Sr. Dudly Digge. Sr. Io: Dauers. Sr. Walter Earle. Sr. Sam: Sandys. Sr. Phil: Carey. Sr. Lawr Hyde. [MARGINAL NOTE: 297] Sr. R"
VC00025,Sandys,PC00174,4,"APRIL 30, 1621",needs_review,,,,person_edwin_sandys,Sir Edwin Sandys,Sir Edwin Sandys,1.000,surname-only comparison,person_george_sandys,George Sandys,George Sandys,1.000,surname-only comparison,,,,,,,,"APRIL 30, 1621: APRIL 30, 1621 Capt. Nowce. Mr. Wheatly. Mr. Rugles. Mr. Geo: Sandys. Mr. Boothby. Mr. Widdowes. Doctor Anthony. Mr. Barbor. Mr. Baynain. Mr. Smith. Mr. Couell. Mr. Kwens. Mr. Shepperd. Mr. Combs. Mr. Steward. Mr. Bull. Captain Tucker. Mr. Casewell. Whereas it hath been taken into consideration || JUNE 25, 1621: s charge which amounted to the Sume of at least 150, the same having been againe taken into consideration at this last meeting and finding the Companies Stocke no way able to performe the same (as things now stood) It pleased Mr. Sandys out of a desire to advance so hopefull a worke and to ease the Company of the present charge to offer to take the said Italians to himselfe in leiu of those men that were to be allowed him by the Company in respect of his office"
VC00026,Francis Wyatt,PC00207,3,"JULY 10, 1621",needs_review,,,,person_francis_wyatt,Sir Francis Wyatt,Francis Wyatt,1.000,surname plus given-name comparison,,,,,,,,,,,,,"JULY 10, 1621: Spanish Ships of war, where Doctor Bohune himself was slain; The Court was pleased to grant him his request to set him free and pay for his said passage. Upon the humble petition of Mrs. Newport widow, the Court ordered that Sir Francis Wyatt the elect Governor and the rest of the Counsell of State in Virginia should be treated to set out 32 Shares to Newport, and 3 of Land in Virginia heretofore bestowed upon Captain Christopher Newport, whose shares for 6 her late h || December 10, 1746: istory and identity of the volumes in the Library of Congress which concern the Virginia Company, as also of the Randolph copy, see: Robert C. Howison, History of Virginia, I, 212 (footnote). 1843. Fordyce M. Hubbard, Life of Sir Francis Wyatt in Belknap’s American Biography (footnote). 1843. Hugh Blair Grigsby in the Southern Literary Messenger, February, 1854. J[ohn] W[ingate] T[hornton], in the Historical Magazine, February, 1858. Charles Campbell, History of Virgin"
VC00027,John Ferrar,PC00220,3,"MAY 2, 1621",needs_review,,,,person_john_ferrar,John Ferrar,John Ferrar,1.000,surname plus given-name comparison,person_nicholas_ferrar,Nicholas Ferrar,Nicholas Ferrar,0.781,surname plus given-name comparison,,,,,,,,"MAY 2, 1621: de for himself in taking his Oath, leaning in regard of his daily attendance and employment in Parliament business, which was also granted. My Lord further signified that it was his suit vnto the Company that they should make Mr. John Ferrar, of whose fidelity and sufficiency they had already so... || November 12, 1624: e November 12, 1624. COLLECTIONS IN ENGLAND FERRAR PAPERS The most unique collection in England for the study of the Virginia Company is that in the possession of Magdalen College, Cambridge. As the property of Nicholas and John Ferrar, who were second only to Sir Edwin Sandys in their activity in the company, it would be invaluable; but its importance is further enhanced by the fact that it contains the correspondence and papers of Sir Edwin Sandys himself. Th"
VC00028,Lady Dale,PC00224,3,"JUNE 11, 1621",needs_review,,,,person_thomas_dale,Sir Thomas Dale,Thomas Dale,1.000,surname-only comparison,,,,,,,,,,,,,"JUNE 11, 1621: fit a Pinace should be provided to be ready against September next for carrying the Silkworme seed for which my Lord had writ into Italy, France, and Spayne, which is promised to be here by that time. He further signified that my Lady Dale, late the wife of Sir Thomas Dale deceased, that worthy Knight and great advancer of the Virginia Action, desired a Patent for a particular Plantation which was granted and that direction should be given to the Governor to allot || JUNE 13, 1621: y back from Virginia to give satisfaction here if need did require, it was thought fit that Mr. Hide, and Mr. Earle did consider of this point and examine the authority of the Company touching the same. The Patent granted to my Lady Dale for a particular Plantation in Virginia being drawn in the usual forme and now presented to be read was referred to a Committee to peruse the same; which being approved by them, order was given to Mr. Deputy to affixe the Seal th"
VC00029,Robert Smith,PC00237,3,"MAY 2, 1621",needs_review,,,,person_john_smith,Captain John Smith,Captain John Smith,0.792,surname plus given-name comparison,person_john_smith_of_nibley,John Smith of Nibley,John Smith,0.792,surname plus given-name comparison,,,,,,,,"MAY 2, 1621: amuell Sandys, Sr. Nicholas Tufton, Sr. Iohn Dauers, Sr. Walter Earle, Sr. Richard Worsley, Sr. Henry Rainsford, Sr. Francis Wyate, Mr. Deputy Ferrar, Mr. George Sandys, Captain Tucker, Mr. Toby Palavicine, Captain Wm. Newce, Mr. Robert Smith, Mr. Thomas Gibbs, Captain Bargraue, Mr. Challon, Mr. John Zouch, Mr. Wm. Oxenbridge, Mr. Porter, Mr. Iohn Smith, Mr. Kempe, Mr. Moone, Doctor Winstone, Mr. Henry Rainsford, Mr. Jefferson, Doctor Anthony, Mr. Edw: Gibbs, Mr. Shep || OCTOBER 24, 1621: OCTOBER 24, 1621 At A Court HELD the 24th of October 1621. Mr. Deputy. Mr. Abra: Chamberlyne. Mr. Widdowes. Mr. Gibbs. Mr. Berblock. Mr. Baynam. Doctor Winstone. Mr. Blande. Mr. Bolton. Mr. Robert Smith. Mr. Bull. Mr. Meuerell. Mr. Iohn Smith. Mr. Bennett. Mr. Morewoode. Mr. Nich: Ferrar. Mr. Ayres. Mr. Lambe. Captaine Bargraue. Mr. Wiseman. Mr. Georg Smith. Mr. Tomlynis. Mr. Darnelly. Mr. Roberté. Mr. Stewarde. Mr. Caswell. Mr."
VC00030,Roger Smith,PC00238,3,"DECEMBER 13, 1620",needs_review,,,,person_john_smith,Captain John Smith,Captain John Smith,0.800,surname plus given-name comparison,person_john_smith_of_nibley,John Smith of Nibley,John Smith,0.800,surname plus given-name comparison,person_thomas_smythe,Sir Thomas Smythe,Sir Thomas Smythe,0.792,surname plus given-name comparison,,,"DECEMBER 13, 1620: e Shippe now bound for Virginia: whereupon the Court entreated Sir Edwin Sandys to take some paines therein as he had often formerly done in the like kind at whose request he was pleased to undertake the dispatch thereof. Captain Roger Smith being desirous to goe this present voyage to Virginia, moved that he might have the charge of some of those people that were now sent to be the Companies Tenants. And further that the Company would please to bestow upon him some || DECEMBER 4, 1621: ourable endeavour to aduance the same, hath therefore made choice of a select Committee to take it into their consideration, viz. Sir Iohn Dauers, Mr. Wheatly, Mr. Gibbs, Mr. Ayres, Mr. Wrote, Mr. Rogers, Mr. Nicholas Farrar, Mr. Roger Smith, Mr. Abraham Chamblen, Mr. Baynham, Mr. Mellinge, or any 5 of them who for the better expedition of the business in regard of Mr. Leeke's sodaine going into the Country are desired to meet this next Friday being the 6th of this p"
VC00031,Rolfe,PC00239,3,"APRIL 30, 1621",needs_review,,,,person_john_rolfe,John Rolfe,John Rolfe,1.000,surname-only comparison,,,,,,,,,,,,,"APRIL 30, 1621: nty pounds more than his former stipend in respect of his paines extraordinary. Sir John Dauers signified that it was the request of my Lady Lawarre unto this Court that in consideration of her goods remaining in the hands of Mr. Rolfe in Virginia she might receive satisfaction for the same out of his Tobacco now sent home. But for so much as it is supposed the said Tobacco is none of the said Rolfe's, but belonged to Mr. Peirce, it was thought fit that Mr. Hen || JUNE 11, 1621: next Court to determine thereof. Touching Mr. Franck's request that Lieutenant Pearce might be required to give satisfaction unto Mr. Franck for the charge of 4 men and the goods sent unto his sons upon the last supply which Mr. Rolfe took into his possession to Mr. Peirce's use, the Court ordered that for so much as it appeared there was some reckoning between Mr. Franck and Mr. Peirce not yet reconciled nor brought to a head, that directions should be given"
VC00032,Thomas Smith,PC00244,3,"October 30, 1605",needs_review,,,,person_thomas_smythe,Sir Thomas Smythe,Sir Thomas Smythe,1.000,surname plus given-name comparison,person_john_smith,Captain John Smith,Captain John Smith,0.792,surname plus given-name comparison,person_john_smith_of_nibley,John Smith of Nibley,John Smith,0.792,surname plus given-name comparison,,,"October 30, 1605: The Records of the Company under Sir Thomas Smith THE ORGANIZATION OF THE COMPANY AS IN 1606 In the year preceding the grant of a charter to the Virginia Company there had been movements along two lines for establishing plantations in Virginia, one by private investment and th || JUNE 13, 1621: JUNE 13, 1621 It was unequal to give way to his desire, until Sir Thomas Smith himself were made acquainted with his Petition and did assent unto this Court of examining Witnesses. Upon the humble petition of Joyce Lodge, the Court have ordered that she shall have one Share of Land of 50 Acres for the Adven"
VC00033,Iohn Smyth,PC00309,2,"APRIL 12, 1621",needs_review,,,,person_john_smith,Captain John Smith,Captain John Smith,0.938,surname plus given-name comparison,person_john_smith_of_nibley,John Smith of Nibley,John Smith,0.938,surname plus given-name comparison,person_thomas_smythe,Sir Thomas Smythe,Sir Thomas Smythe,0.792,surname plus given-name comparison,,,"APRIL 12, 1621: APRIL 12, 1621 Docto’: Wynston. Mr. Palavacin. Mr. Peirce. Mr. Cuff. Mr. Iohn Smyth. Mr. Smith. Mr. Barbor. Mr. Canninge. Mr. Moone. Mr. Leaver. Mr. Widdowes. Mr. Woodall. Mr. Keightly. Mr. Bull. Mr. Meuerell. Sir Edwyn Sandys being desired to make reporte what had been done concerning the new Patent, signifie || MAY 12, 1621: RDINARY COURT HELD FOR VIRGINIA THE 12 of May 1621 PRESENT: Sr. Iohn Dauers, Mr. Gibbs, Mr. Casewell, Sr. Henry Rainsford, Capt. William Newce, Mr. Edwards, Mr. Deputy Ferrar, Mr. George Sandys, Mr. Wheatly, Mr. Iohn Wroth, Mr. Iohn Smyth, Mr. Melling, Mr. Wrote, Capt. Tucker, Mr. Cuff, Mr. Combe. Whereas at the last Quarter Court held the second of this present month, order was given to certain Committees for drawing up of a Commission to be sealed. Commission"
VC00034,John Smyth,PC00316,2,"September 30, 1619",needs_review,,,,person_john_smith,Captain John Smith,Captain John Smith,1.000,surname plus given-name comparison,person_john_smith_of_nibley,John Smith of Nibley,John Smith,1.000,surname plus given-name comparison,person_thomas_smythe,Sir Thomas Smythe,Sir Thomas Smythe,0.792,surname plus given-name comparison,,,"September 30, 1619: rk Library is to be found a unique set of documents relating to the settlement of Berkeley Hundred in 1619, known as the Smyth of Nibley papers which “are from the collection of Virginia manuscripts originally brought together by John Smyth (or Smith) of Nibley, the historian of the Berkeleys, who was born in 1567 and died in 1641. The collection comprises over sixty papers, original and contemporary transcripts, relating to the settlement of Virginia between 1613 a"
VC00035,Thomas Smiths,PC00361,2,"FEBRUARY 27, 1622",needs_review,,,,person_thomas_smythe,Sir Thomas Smythe,Thomas Smith,0.875,surname plus given-name comparison,,,,,,,,,,,,,"FEBRUARY 27, 1622: FEBRUARY 27, 1622 Whereas it was moved that Henry Mansell hath by his Petition to my Lord Keeper declared that this Company were indebted vnto him in 60£ above these 6 yeares in Sr. Thomas Smiths time and yet it did no waye appeare, and that Mr. Caninge pretended that this Company were likewise indebted vnto him; but for somuch as the said Mr. Caninge had received diuers Somes of money out of the Virginia Cash, others by || MARCH 20, 1622: MARCH 20, 1622 Virginia Court booke might be brought to Sr. Thomas Smiths for the appointed Commissions to peruse those orders whereby Henry Mansell pretendeth he was imployed: he was advised by some of the Counsell then present when that letter came to him to acquaint the Court first therewith in resp"
VC00036,Captaine Argall,PC00438,1,"JULY 10, 1621",needs_review,,,,person_samuel_argall,Sir Samuel Argall,Samuel Argall,0.781,surname plus given-name comparison,,,,,,,,,,,,,"JULY 10, 1621: her late husband deceased came to the hands of Mr. Rolfe in the year 1611 and to require that according to his promise she may be satisfied. And also to cause the Cape Marchants and some others of the old Planters to examine how Captaine Argall disposed of and to whose use he employed the goods and provisions transported in the Neptune 1618 appearing to be of no lesse value than 1500£ whereby she is to demand satisfaction for the same. The Court thereupon ordered that"
VC00037,Captaine Tucker,PC00445,1,"JUNE 18, 1621",needs_review,,,,person_william_tucker,Captain William Tucker,William Tucker,0.781,surname plus given-name comparison,,,,,,,,,,,,,"JUNE 18, 1621: JUNE 18, 1621 487 Mr. Darnelly, Captaine Bargraue, Mr. Lewis, Captaine Goldingham, Mr. Newporte, Mr. Thomas Gibbs, Mr. Kelley, Mr. Russell, Mr. Brome- feilde, Mr. Porter, Captaine Tucker. Upon reading of the Actes of the former Quarter Courte held the second of May last, Sr. Edwin Sandys taking knowledge of 20 Shares of Land bestowed upon him by the Company did now declare his thankfull acceptation of the same,"
VC00038,Frances Wyat,PC00525,1,"JUNE 13, 1621",needs_review,,,,person_francis_wyatt,Sir Francis Wyatt,Francis Wyatt,0.814,surname plus given-name comparison,,,,,,,,,,,,,"JUNE 13, 1621: session, it should be assigned accordingly. Intelligence being given of two Ministers that offered themselves to go for Virginia, the Court referred them to be treated with and concluded by the Committees. And for so much as Sir Frances Wyat desired he might make choice of one that was willing to go with him, the Court assented thereunto. Mr. Deputy moved that the Court would give order for sealing the Contract made with Mr. Ewens, Master of the George, being drawn"
VC00039,Francis Wyat,PC00527,1,"FEBRUARY 22, 1620",needs_review,,,,person_francis_wyatt,Sir Francis Wyatt,Francis Wyatt,0.850,surname plus given-name comparison,,,,,,,,,,,,,"FEBRUARY 22, 1620: ad called into question and by his Majesties gracious permission intended vtterly to extinguish. [189] It was therefore ordered that a Committee should be appointed for drawing the said petition and for this purpose nominated Sir Francis Wyat, Mr. George Sandys, and Mr. Deputy Ferrar who are desired to take some paines therein and to make it in substance agreeable to that which Sir Edwyn Sandys had delivered vnto them. The Patent being read and put to the question to"
VC00040,Georg Sandys,PC00532,1,"JULY 10, 1621",needs_review,,,,person_george_sandys,George Sandys,George Sandys,1.000,surname plus given-name comparison,,,,,,,,,,,,,"JULY 10, 1621: THE 10th of July 1621 PRESENT. Sir Iohn Dauers. Mr. Alder: Johnson. Mr. Gibbs. Sir Anthony Palmer. Sir William Newce. Mr. Wrote. Sir Phillip Cary. Mr. Deputy Ferrar. Dr. Winstone. Mr. Thomas Spencer. Mr. Wroth. Dr. Anthony. Mr. Georg Sandys. Mr. Smith. Mr. Nicholas Ferrar. Mr. Risley. Mr. Holloway. Mr. Casewell. Mr. Lawrence. Mr. Cartwright. Mr. Barnarde. Mr. Couell. Mr. Abdy. Mr. Wiseman. Mr. Leuor. Mr. Tucker. Mr. Ayres. Mr. Newport. Mr. Palmer. Mr. Edwards. Mr. G"
VC00041,Georg Smith,PC00533,1,"OCTOBER 24, 1621",needs_review,,,,person_john_smith,Captain John Smith,Captain John Smith,0.800,surname plus given-name comparison,person_john_smith_of_nibley,John Smith of Nibley,John Smith,0.800,surname plus given-name comparison,person_thomas_smythe,Sir Thomas Smythe,Sir Thomas Smythe,0.792,surname plus given-name comparison,,,"OCTOBER 24, 1621: Mr. Berblock. Mr. Baynam. Doctor Winstone. Mr. Blande. Mr. Bolton. Mr. Robert Smith. Mr. Bull. Mr. Meuerell. Mr. Iohn Smith. Mr. Bennett. Mr. Morewoode. Mr. Nich: Ferrar. Mr. Ayres. Mr. Lambe. Captaine Bargraue. Mr. Wiseman. Mr. Georg Smith. Mr. Tomlynis. Mr. Darnelly. Mr. Roberté. Mr. Stewarde. Mr. Caswell. Mr. Webb. Mr. Rogers. Mr. Couell. Mr. Fogge. Mr. Edwards. Mr. Barbor. With Divers Others. The aunswere of the Virginia Company to the Right Honourable the Lord"
VC00042,George Yeardly,PC00539,1,"JANUARY 29, 1620",needs_review,,,,person_george_yeardley,Sir George Yeardley,George Yeardley,0.906,surname plus given-name comparison,,,,,,,,,,,,,"JANUARY 29, 1620: Yeardleys Commission of Gouernorship would ere long be expired, being to continue but till November next: It was therefore expedient now at this Quarter Court (in respect of the former shortnes of the time) either to confirme Sir George Yeardly againe in his said [181] office by a new election: or to proceed to the choice of some other fit person of qualitie to succeed him, who might be prepared to goe to Virginia by July next at the farthest. His Lordship did the rathe"
VC00043,Iohn Ferrar,PC00580,1,"MAY 2, 1621",needs_review,,,,person_john_ferrar,John Ferrar,John Ferrar,0.938,surname plus given-name comparison,person_nicholas_ferrar,Nicholas Ferrar,Nicholas Ferrar,0.812,surname plus given-name comparison,,,,,,,,"MAY 2, 1621: : which being done the Court thought fit, in respect of their worth, their sufficiency and experience, to continue six of them still for the yeare ensuing, viz. Sr. Edwyn Sandys, Mr. Iohn Wroth, Sr. Iohn Dauers, Mr. Keightly, Mr. Iohn Ferrar, Mr. Cranmer. And in respect Mr. Briggs was now gone to Oxford to abide, there was chosen in his place Mr. Gibbs: All which being put to the question were confirmed and took the same Oath. Proceeding to the election of the Commit"
VC00044,Iohn Martin,PC00582,1,"MAY 8, 1622",needs_review,,,,person_john_martin,Captain John Martin,John Martin,0.938,surname plus given-name comparison,,,,,,,,,,,,,"MAY 8, 1622: ed the said Robert Peasly for their Porter, intending to confirme ||the sd place untill|| him at the next Quarter Court; and for his better encouragement have all thought fitt to allowe him a marke a yeare for his Salary. [352] Iohn Martin the Persian making humble suite for the Companies favour to the Farmers of his Ma. Custome to free him from paying double Custome wch they required of him being a Stranger, notwithstanding he was made a freeman in Virginia by Sr."
VC00045,Iohn Rolfe,PC00583,1,"APRIL 30, 1621",needs_review,,,,person_john_rolfe,John Rolfe,John Rolfe,0.938,surname plus given-name comparison,,,,,,,,,,,,,"APRIL 30, 1621: bestow on him the passage and transportation of five men in reward of his good service: To which the Court gave consent and referred the Conclusion to this Quarter Court. Mr. Henry Rolfe's petition in the behalfe of his brother Iohn Rolfe in Virginia, is referred to the Auditors and Committees to be examined, who are desired to make report what they shall thinke fitt to be done therein. Mr. Thomas Harteastles petition is referred to Sir Francis Wyate who at his"
VC00046,John Martin,PC00603,1,"MARCH 13, 1622",needs_review,,,,person_john_martin,Captain John Martin,John Martin,1.000,surname plus given-name comparison,,,,,,,,,,,,,"MARCH 13, 1622: d read. || being this that followeth || Rieut HoNoRABLE Whereas at a great and Generall Quarter Court for Virginia held the xxxth of January last there was presented to the said Court a Certificate on the behalfe of Captaine John Martin in the name of the Counsell & Company for his Majestie here resident containing a Declaration of his worth and services and thereby reputing him to be worthy to enjoy the Patents and privileges therein granted vnto him subscribed"
VC00047,Martha Ferrar,PC00641,1,"November 12, 1624",needs_review,,,,person_john_ferrar,John Ferrar,John Ferrar,0.792,surname plus given-name comparison,person_nicholas_ferrar,Nicholas Ferrar,Nicholas Ferrar,0.781,surname plus given-name comparison,,,,,,,,"November 12, 1624: re the property of Dr. Peckard, master of Magdalen College in 1790, and were bequeathed to the college upon his death. It is probable that the greater part of the collection came from the Ferrar family through Dr. Peckard’s wife, Martha Ferrar, the great grand-daughter of John Ferrar, since the Virginia papers form but one-third of the group. The remaining papers concern family affairs only, and date from 1601 to the middle of the eighteenth century. Some of them are d"
VC00048,Michael Lloyd Ferrar,PC00651,1,"November 12, 1624",needs_review,,,,person_nicholas_ferrar,Nicholas Ferrar,Nicholas Ferrar,0.844,surname plus given-name comparison,person_john_ferrar,John Ferrar,John Ferrar,0.800,surname plus given-name comparison,,,,,,,,"November 12, 1624: btless those received from the Earl of Dorset by Dr. Peckard, when he was preparing his Memoirs of Nicholas Ferrar. The first knowledge of the Ferrar papers in later years was communicated to the Virginia Magazine of History by Michael Lloyd Ferrar, Little Gidding, Ealing, England. He sent a number of transcripts and photographs of letters to the magazine for publication, among which were some half dozen bearing on the affairs of the company, but the number which he was per"
VC00049,Samuell Argoll,PC00724,1,"JANUARY 30, 1622",needs_review,,,,person_samuel_argall,Sir Samuel Argall,Samuel Argall,0.839,surname plus given-name comparison,,,,,,,,,,,,,"JANUARY 30, 1622: ording to the true intent and meaning of this grant: In witness whereof we have hereunto subscribed our hands; ||names|| Pembrooke, Tho: Smith. Ro: Warwick. Fra: West. Leicester, Wm. St. John. Montgomery. Ro: Johnson. Sheffeilde. Samuell Argoll. Ro: Mansell. Wm. Caninge. - [821]"
VC00050,Smiths,PC00739,1,"JUNE 11, 1621",needs_review,,,,person_thomas_smythe,Sir Thomas Smythe,Thomas Smith,0.833,surname-only comparison,person_john_smith,Captain John Smith,Captain John Smith,0.833,surname-only comparison,person_john_smith_of_nibley,John Smith of Nibley,John Smith,0.833,surname-only comparison,,,"JUNE 11, 1621: rawe the Articles of agreement according hereunto with such necessary additions as he should thinke fitt, and after to apply the Companies Seale unto the same. Mr. Iohn Smith acquainted the Company that there was a Gentleman, Mr. Smiths motion, of good Account and sufficiency whom he could name who would undertake to procure and transport to Virginia at an easie rate (if so the Company please) a good number of young men and maids able to do them good service the"
VC00051,Smyth,PC00740,1,"JANUARY 29, 1620",needs_review,,,,person_thomas_smythe,Sir Thomas Smythe,Sir Thomas Smythe,1.000,surname-only comparison,person_john_smith,Captain John Smith,Captain John Smith,1.000,surname-only comparison,person_john_smith_of_nibley,John Smith of Nibley,John Smith,1.000,surname-only comparison,,,"JANUARY 29, 1620: ndish, Sir John Dauers, Lord Pagett, Sir Francis Wyate, Sir Edward Sackville, Sir Walter Karle, Mr. Deputy Ferrar, Mr. Zouch, Mr. Bearblock, Mr. Gibbe, Mr. Tucker, Mr. Casewell, Mr. Wroth, Mr. Tomlin, Mr. Mellinge, Mr. Earle, Mr. Smyth, Mr. Cuffe, Mr. George Sandys, Mr. Nicholas Ferrar, Mr. Combe, Mr. Doctor Anthony, Mr. Ditchfield, Mr. Baynham, Mr. Sheppard, Mr. Seaward, Mr. Wyddowes, Mr. Bromefield, Mr. Wheately, Mr. Sparrowe, Mr. Newport, Mr. Kightley, with"
VC00052,Wyatt,PC00824,1,"JULY 10, 1621",needs_review,,,,person_francis_wyatt,Sir Francis Wyatt,Francis Wyatt,1.000,surname-only comparison,,,,,,,,,,,,,"JULY 10, 1621: with about the same, who are to make reporte how it may be done without too great charge vnto the Company. It was signified that the Ladie Lawarr desired the Court would please to grant her a Commission directed to Sr. Fraunces Wyatt, Mr. sending his bill is referred to the Committee. My Lady Lawarra requests to grant her a Commission to George Sandys and others to examine and certifie as well what goods and money of her late husband deceased came to the hand"
